id_docente,nome,cognome,materia,codicescuola
DOC0001,Calcedonio,Sokolov,Matematica,AQSD01201N
DOC0002,Allegra,Pinamonte,Storia,AQSD01201N
DOC0003,Luigi,Badoglio,Educazione Fisica,AQSD01201N
DOC0004,Ermanno,Bixio,Italiano,AQSD01201N
DOC0005,Flavio,Cociarelli,Scienze,AQSD01201N
DOC0006,Francesca,Ammaniti,Storia,AQSD01201N
DOC0007,Orlando,Verga,Italiano,AQSD01201N
DOC0008,Osvaldo,Leblanc,Scienze,AQSD01201N
DOC0009,Lazzaro,Cantimori,Matematica,AQSD01201N
DOC0010,Piergiuseppe,Eco,Educazione Fisica,AQSD01201N
DOC0011,Benvenuto,Aldobrandi,Storia,AQSD01201N
DOC0012,Sandro,Pacomio,Scienze,AQSD01201N
DOC0013,Ranieri,Scarlatti,Italiano,AQSD01201N
DOC0014,Ruggero,Moccia,Educazione Fisica,AQSD01201N
DOC0015,Severino,Palmisano,Matematica,AQSD01201N
DOC0016,Angelo,Boldù,Educazione Fisica,AQSD01201N
DOC0017,Sebastiano,Rossini,Matematica,AQSD01201N
DOC0018,Orazio,Conte,Scienze,AQSD01201N
DOC0019,Franco,Frescobaldi,Italiano,AQSD01201N
DOC0020,Ricciotti,Carli,Storia,AQSD01201N
DOC0021,Cipriano,Montanelli,Scienze,ARRI00750X
DOC0022,Galasso,Lucchesi,Matematica,ARRI00750X
DOC0023,Angelina,Lattuada,Educazione Fisica,ARRI00750X
DOC0024,Augusto,Bocelli,Storia,ARRI00750X
DOC0025,Pierina,Gasperi,Italiano,ARRI00750X
DOC0026,Eleanora,Porzio,Storia,ARRI00750X
DOC0027,Flavio,Armellini,Scienze,ARRI00750X
DOC0028,Eliana,Gregorio,Italiano,ARRI00750X
DOC0029,Bianca,Telesio,Educazione Fisica,ARRI00750X
DOC0030,Ubaldo,Comisso,Matematica,ARRI00750X
DOC0031,Monica,Panicucci,Storia,BORI01402D
DOC0032,Donato,Palladio,Educazione Fisica,BORI01402D
DOC0033,Stefania,Dellucci,Italiano,BORI01402D
DOC0034,Vittorio,Casalodi,Matematica,BORI01402D
DOC0035,Tina,Bruno,Scienze,BORI01402D
DOC0036,Irma,Chechi,Scienze,BORI01402D
DOC0037,Ignazio,Roccabonella,Matematica,BORI01402D
DOC0038,Raffaella,Bernetti,Storia,BORI01402D
DOC0039,Gianpaolo,Muti,Educazione Fisica,BORI01402D
DOC0040,Eva,Bajamonti,Italiano,BORI01402D
DOC0041,Gioacchino,Saracino,Matematica,BORI01402D
DOC0042,Nadia,Gori,Italiano,BORI01402D
DOC0043,Bianca,Giovine,Scienze,BORI01402D
DOC0044,Gianpaolo,Lovato,Educazione Fisica,BORI01402D
DOC0045,Niccolò,Zito,Storia,BORI01402D
DOC0046,Salvi,Anguissola,Scienze,BSRH02201E
DOC0047,Baccio,Bataglia,Educazione Fisica,BSRH02201E
DOC0048,Gabriella,Agnesi,Storia,BSRH02201E
DOC0049,Antonina,Corbo,Matematica,BSRH02201E
DOC0050,Ivan,Salandra,Italiano,BSRH02201E
DOC0051,Patrizia,Guidotti,Matematica,BSRH02201E
DOC0052,Paride,Doria,Storia,BSRH02201E
DOC0053,Gianni,Saragat,Scienze,BSRH02201E
DOC0054,Marcella,Cherubini,Educazione Fisica,BSRH02201E
DOC0055,Eraldo,Falcone,Italiano,BSRH02201E
DOC0056,Annunziata,Camilleri,Italiano,CBSL02301B
DOC0057,Beatrice,Merisi,Scienze,CBSL02301B
DOC0058,Cassandra,Leonetti,Storia,CBSL02301B
DOC0059,Marcella,Gritti,Educazione Fisica,CBSL02301B
DOC0060,Lisa,Vittadello,Matematica,CBSL02301B
DOC0061,Luigina,Giorgetti,Educazione Fisica,CBSL02301B
DOC0062,Dionigi,Pertile,Scienze,CBSL02301B
DOC0063,Matilda,Luna,Matematica,CBSL02301B
DOC0064,Corrado,Tarchetti,Italiano,CBSL02301B
DOC0065,Donatello,Doria,Storia,CBSL02301B
DOC0066,Melina,Gilardoni,Scienze,CBSL02301B
DOC0067,Daniele,Travaglio,Storia,CBSL02301B
DOC0068,Gioacchino,Vitturi,Italiano,CBSL02301B
DOC0069,Marco,Tron,Matematica,CBSL02301B
DOC0070,Flavia,Traversa,Educazione Fisica,CBSL02301B
DOC0071,Augusto,Polani,Scienze,CBTD00701C
DOC0072,Benedetto,Vismara,Storia,CBTD00701C
DOC0073,Fredo,Bersani,Italiano,CBTD00701C
DOC0074,Clelia,Orlando,Matematica,CBTD00701C
DOC0075,Romina,Contrafatto,Educazione Fisica,CBTD00701C
DOC0076,Raimondo,Navarria,Scienze,CBTD00701C
DOC0077,Fulvio,Pacetti,Storia,CBTD00701C
DOC0078,Giovanna,Puglisi,Educazione Fisica,CBTD00701C
DOC0079,Renzo,Leonetti,Italiano,CBTD00701C
DOC0080,Enzo,Cuomo,Matematica,CBTD00701C
DOC0081,Umberto,Giovine,Storia,CHRI016015
DOC0082,Salvatore,Grassi,Italiano,CHRI016015
DOC0083,Silvia,Basadonna,Matematica,CHRI016015
DOC0084,Enrico,Fantini,Scienze,CHRI016015
DOC0085,Maurizio,Pignatti,Educazione Fisica,CHRI016015
DOC0086,Lara,Casini,Scienze,CHRI016015
DOC0087,Marcella,Bulzoni,Matematica,CHRI016015
DOC0088,Angelica,Bocca,Italiano,CHRI016015
DOC0089,Rodolfo,Angeli,Storia,CHRI016015
DOC0090,Niccolò,Toselli,Educazione Fisica,CHRI016015
DOC0091,Pomponio,Platini,Educazione Fisica,CNPC030005
DOC0092,Francesca,Sauro,Matematica,CNPC030005
DOC0093,Imelda,Jilani,Scienze,CNPC030005
DOC0094,Vincentio,Giannelli,Storia,CNPC030005
DOC0095,Vincenza,Crispi,Italiano,CNPC030005
DOC0096,Liliana,Monteverdi,Matematica,CNPC030005
DOC0097,Enzio,Dulbecco,Italiano,CNPC030005
DOC0098,Elladio,Bazzi,Educazione Fisica,CNPC030005
DOC0099,Rosaria,Monteverdi,Storia,CNPC030005
DOC0100,Bianca,Nitto,Scienze,CNPC030005
DOC0101,Toni,Magnani,Italiano,CNPC030005
DOC0102,Rosina,Treves,Storia,CNPC030005
DOC0103,Liberto,Tomaselli,Scienze,CNPC030005
DOC0104,Fiorenzo,Greggio,Educazione Fisica,CNPC030005
DOC0105,Giacomo,Fieramosca,Matematica,CNPC030005
DOC0106,Giulia,Caffarelli,Matematica,CNPC030005
DOC0107,Greco,Camicione,Scienze,CNPC030005
DOC0108,Aurora,Crespi,Italiano,CNPC030005
DOC0109,Biagio,Farina,Storia,CNPC030005
DOC0110,Aldo,Morlacchi,Educazione Fisica,CNPC030005
DOC0111,Severino,Beccheria,Matematica,COTD01101C
DOC0112,Fedele,Carocci,Italiano,COTD01101C
DOC0113,Giampaolo,Cagnotto,Educazione Fisica,COTD01101C
DOC0114,Fabia,Monteverdi,Storia,COTD01101C
DOC0115,Ida,Grossi,Scienze,COTD01101C
DOC0116,Antonello,Roero,Italiano,COTD01101C
DOC0117,Morena,Leblanc,Scienze,COTD01101C
DOC0118,Alessandra,Guarato,Educazione Fisica,COTD01101C
DOC0119,Isabella,Juvara,Matematica,COTD01101C
DOC0120,Giosuè,Sorrentino,Storia,COTD01101C
DOC0121,Pierina,Smirnoff,Storia,CRSL00801R
DOC0122,Virgilio,Pergolesi,Italiano,CRSL00801R
DOC0123,Giacobbe,Aldobrandi,Scienze,CRSL00801R
DOC0124,Severino,Casellati,Educazione Fisica,CRSL00801R
DOC0125,Alessandra,Tosto,Matematica,CRSL00801R
DOC0126,Mauro,Bixio,Matematica,CRSL00801R
DOC0127,Fabrizia,Ruffini,Storia,CRSL00801R
DOC0128,Ruggero,Maderno,Educazione Fisica,CRSL00801R
DOC0129,Roberto,Aloisio,Scienze,CRSL00801R
DOC0130,Camillo,Pascarella,Italiano,CRSL00801R
DOC0131,Rosina,Orsini,Storia,CRSL00801R
DOC0132,Patrizio,Bartoli,Educazione Fisica,CRSL00801R
DOC0133,Lisa,Zacchia,Scienze,CRSL00801R
DOC0134,Romeo,Gaggini,Italiano,CRSL00801R
DOC0135,Cipriano,Pellegrini,Matematica,CRSL00801R
DOC0136,Silvia,Falcone,Storia,CRSL00801R
DOC0137,Flavio,Trupiano,Scienze,CRSL00801R
DOC0138,Barbara,Spanevello,Educazione Fisica,CRSL00801R
DOC0139,Giuliano,Avogadro,Matematica,CRSL00801R
DOC0140,Piergiorgio,Malenchini,Italiano,CRSL00801R
DOC0141,Adelmo,Ferraris,Educazione Fisica,CRSL00801R
DOC0142,Priscilla,Capuana,Matematica,CRSL00801R
DOC0143,Gianfrancesco,Raurica,Scienze,CRSL00801R
DOC0144,Nadia,Bernardini,Italiano,CRSL00801R
DOC0145,Sante,Borsiere,Storia,CRSL00801R
DOC0146,Arnaldo,Cortese,Italiano,CSSL08101A
DOC0147,Cecilia,Travia,Storia,CSSL08101A
DOC0148,Elmo,Costalonga,Educazione Fisica,CSSL08101A
DOC0149,Maurilio,Zecchini,Matematica,CSSL08101A
DOC0150,Liana,Tebaldi,Scienze,CSSL08101A
DOC0151,Alphons,Galeati,Educazione Fisica,CSSL08101A
DOC0152,Aurora,Bellocchio,Scienze,CSSL08101A
DOC0153,Bernardo,Bonomo,Italiano,CSSL08101A
DOC0154,Gioacchino,Abba,Storia,CSSL08101A
DOC0155,Flavia,Lopresti,Matematica,CSSL08101A
DOC0156,Pasquale,Bassi,Scienze,CSSL08101A
DOC0157,Gian,Giannini,Matematica,CSSL08101A
DOC0158,Teresa,Franzese,Educazione Fisica,CSSL08101A
DOC0159,Salvi,Panzera,Storia,CSSL08101A
DOC0160,Baldassare,Gigli,Italiano,CSSL08101A
DOC0161,Costanzo,Morabito,Educazione Fisica,CSSL08101A
DOC0162,Stefania,Porzio,Scienze,CSSL08101A
DOC0163,Dionigi,Badoglio,Storia,CSSL08101A
DOC0164,Luisa,Schiavone,Italiano,CSSL08101A
DOC0165,Graziella,Detti,Matematica,CSSL08101A
DOC0166,Guglielmo,Ossani,Matematica,CSTN02801A
DOC0167,Agnolo,Pacelli,Storia,CSTN02801A
DOC0168,Romolo,Villadicani,Educazione Fisica,CSTN02801A
DOC0169,Natalia,Malpighi,Scienze,CSTN02801A
DOC0170,Aurora,Catenazzi,Italiano,CSTN02801A
DOC0171,Lamberto,Greggio,Storia,CSTN02801A
DOC0172,Toni,Liguori,Matematica,CSTN02801A
DOC0173,Ida,Nugnes,Educazione Fisica,CSTN02801A
DOC0174,Gian,Mondaini,Italiano,CSTN02801A
DOC0175,Marcella,Canevascini,Scienze,CSTN02801A
DOC0176,Virginia,Pontecorvo,Matematica,CSTN02801A
DOC0177,Anita,Palladio,Italiano,CSTN02801A
DOC0178,Enzio,Greco,Scienze,CSTN02801A
DOC0179,Roberta,Bocelli,Storia,CSTN02801A
DOC0180,Berenice,Armani,Educazione Fisica,CSTN02801A
DOC0181,Eraldo,Simeoni,Educazione Fisica,CZRI01901V
DOC0182,Nico,Migliaccio,Storia,CZRI01901V
DOC0183,Fabrizio,Venturi,Scienze,CZRI01901V
DOC0184,Flora,Gritti,Matematica,CZRI01901V
DOC0185,Lidia,Rensi,Italiano,CZRI01901V
DOC0186,Francesco,Lombardi,Scienze,CZRI01901V
DOC0187,Alberto,Duse,Educazione Fisica,CZRI01901V
DOC0188,Gianpaolo,Carducci,Matematica,CZRI01901V
DOC0189,Donatello,Viola,Italiano,CZRI01901V
DOC0190,Luchino,Gabba,Storia,CZRI01901V
DOC0191,Paloma,Bonomo,Scienze,FGRI16002D
DOC0192,Romana,Alboni,Educazione Fisica,FGRI16002D
DOC0193,Ennio,Sollima,Italiano,FGRI16002D
DOC0194,Francesco,Collodi,Storia,FGRI16002D
DOC0195,Santino,Bassi,Matematica,FGRI16002D
DOC0196,Osvaldo,Franscini,Italiano,FOTF00101E
DOC0197,Armando,Castiglione,Matematica,FOTF00101E
DOC0198,Giuliana,Loredan,Educazione Fisica,FOTF00101E
DOC0199,Angelo,Accardo,Storia,FOTF00101E
DOC0200,Luchino,Montanariello,Scienze,FOTF00101E
DOC0201,Fabia,Zaccardo,Italiano,FOTF00101E
DOC0202,Alessio,Goldstein,Matematica,FOTF00101E
DOC0203,Fernanda,Saragat,Scienze,FOTF00101E
DOC0204,Silvio,Palombi,Educazione Fisica,FOTF00101E
DOC0205,Pompeo,Petralli,Storia,FOTF00101E
DOC0206,Flavia,Carfagna,Italiano,GERH01000G
DOC0207,Osvaldo,Mancini,Educazione Fisica,GERH01000G
DOC0208,Lodovico,Marcacci,Storia,GERH01000G
DOC0209,Nanni,Bova,Scienze,GERH01000G
DOC0210,Carla,Accardo,Matematica,GERH01000G
DOC0211,Michela,Lupo,Storia,GERH01000G
DOC0212,Lucrezia,Tamborini,Scienze,GERH01000G
DOC0213,Marina,Camuccini,Italiano,GERH01000G
DOC0214,Dionigi,Petralli,Educazione Fisica,GERH01000G
DOC0215,Antonella,Argenti,Matematica,GERH01000G
DOC0216,Rita,Prada,Storia,GETA012021
DOC0217,Azeglio,Paolini,Educazione Fisica,GETA012021
DOC0218,Michela,Trussardi,Scienze,GETA012021
DOC0219,Gabriella,Loredan,Matematica,GETA012021
DOC0220,Melania,Palazzo,Italiano,GETA012021
DOC0221,Ruggiero,Goldstein,Matematica,GETA012021
DOC0222,Giampaolo,Calgari,Educazione Fisica,GETA012021
DOC0223,Eugenia,Gozzi,Storia,GETA012021
DOC0224,Margherita,Cabibbo,Italiano,GETA012021
DOC0225,Elisa,Paltrinieri,Scienze,GETA012021
DOC0226,Antonio,Lancisi,Storia,GOTA006015
DOC0227,Dina,Zetticci,Scienze,GOTA006015
DOC0228,Luca,Zarlino,Italiano,GOTA006015
DOC0229,Raffaele,Trentin,Matematica,GOTA006015
DOC0230,Gilberto,Serraglio,Educazione Fisica,GOTA006015
DOC0231,Sophia,Jovinelli,Storia,GOTA006015
DOC0232,Dionigi,Bertoli,Educazione Fisica,GOTA006015
DOC0233,Giuseppina,Antonioni,Matematica,GOTA006015
DOC0234,Giorgia,Carriera,Italiano,GOTA006015
DOC0235,Roman,Gravina,Scienze,GOTA006015
DOC0236,Marcello,Bernetti,Storia,GOTA006015
DOC0237,Chiara,Carullo,Matematica,GOTA006015
DOC0238,Stella,Soranzo,Italiano,GOTA006015
DOC0239,Carolina,Sanudo,Educazione Fisica,GOTA006015
DOC0240,Gelsomina,Petrassi,Scienze,GOTA006015
DOC0241,Lisa,Pellegrini,Scienze,GOTA006015
DOC0242,Matilda,Casini,Matematica,GOTA006015
DOC0243,Martino,Scalfaro,Educazione Fisica,GOTA006015
DOC0244,Simone,Stradivari,Italiano,GOTA006015
DOC0245,Lauretta,Saracino,Storia,GOTA006015
DOC0246,Edoardo,Bottigliero,Scienze,ISRH016018
DOC0247,Ranieri,Bossi,Storia,ISRH016018
DOC0248,Pasquale,Guarana,Matematica,ISRH016018
DOC0249,Agnolo,Rossellini,Educazione Fisica,ISRH016018
DOC0250,Mariana,Barcella,Italiano,ISRH016018
DOC0251,Federigo,Foà,Storia,LEPM04401X
DOC0252,Amleto,Galuppi,Matematica,LEPM04401X
DOC0253,Nanni,Gentili,Scienze,LEPM04401X
DOC0254,Ettore,Dossetti,Italiano,LEPM04401X
DOC0255,Adamo,Casadei,Educazione Fisica,LEPM04401X
DOC0256,Sylvia,Veltroni,Educazione Fisica,LEPM04401X
DOC0257,Riccardo,Palumbo,Matematica,LEPM04401X
DOC0258,Gionata,Mantegna,Italiano,LEPM04401X
DOC0259,Lucrezia,Bersani,Storia,LEPM04401X
DOC0260,Pomponio,Pasolini,Scienze,LEPM04401X
DOC0261,Emilio,Santorio,Scienze,LERI04251T
DOC0262,Giancarlo,Musatti,Storia,LERI04251T
DOC0263,Dina,Giannelli,Matematica,LERI04251T
DOC0264,Antonino,Casalodi,Educazione Fisica,LERI04251T
DOC0265,Massimo,Ferrata,Italiano,LERI04251T
DOC0266,Ronaldo,Zeffirelli,Scienze,LETA00151Q
DOC0267,Ignazio,Vitturi,Matematica,LETA00151Q
DOC0268,Arsenio,Anichini,Storia,LETA00151Q
DOC0269,Ennio,Rossellini,Italiano,LETA00151Q
DOC0270,Donato,Gozzano,Educazione Fisica,LETA00151Q
DOC0271,Irma,Vanvitelli,Storia,LETA00151Q
DOC0272,Gaetano,Mercati,Italiano,LETA00151Q
DOC0273,Enzo,Brugnaro,Scienze,LETA00151Q
DOC0274,Luigi,Pausini,Matematica,LETA00151Q
DOC0275,Temistocle,Ciampi,Educazione Fisica,LETA00151Q
DOC0276,Cristina,Contrafatto,Italiano,LITF00601D
DOC0277,Danilo,Giolitti,Storia,LITF00601D
DOC0278,Gemma,Catalano,Educazione Fisica,LITF00601D
DOC0279,Isabella,Gaito,Scienze,LITF00601D
DOC0280,Paride,Vespucci,Matematica,LITF00601D
DOC0281,Orlando,Trevisani,Educazione Fisica,LITF00601D
DOC0282,Romolo,Tornatore,Scienze,LITF00601D
DOC0283,Daria,Camicione,Storia,LITF00601D
DOC0284,Martina,Onio,Italiano,LITF00601D
DOC0285,Giuseppe,Faggiani,Matematica,LITF00601D
DOC0286,Sebastiano,Germano,Educazione Fisica,LITF00601D
DOC0287,Antonino,Gravina,Matematica,LITF00601D
DOC0288,Donna,Duodo,Scienze,LITF00601D
DOC0289,Camilla,Bettoni,Italiano,LITF00601D
DOC0290,Susanna,Coppola,Storia,LITF00601D
DOC0291,Priscilla,Maggioli,Matematica,LITF00601D
DOC0292,Stella,Mengolo,Italiano,LITF00601D
DOC0293,Damiano,Rusticucci,Educazione Fisica,LITF00601D
DOC0294,Agnolo,Battisti,Scienze,LITF00601D
DOC0295,Pierpaolo,Alighieri,Storia,LITF00601D
DOC0296,Isa,Cocci,Educazione Fisica,LITF00601D
DOC0297,Tiziano,Taliercio,Matematica,LITF00601D
DOC0298,Agostino,Petrucci,Italiano,LITF00601D
DOC0299,Uberto,Agostinelli,Storia,LITF00601D
DOC0300,Dario,Taliercio,Scienze,LITF00601D
DOC0301,Renzo,Celentano,Storia,LITF00601D
DOC0302,Ottone,Agazzi,Matematica,LITF00601D
DOC0303,Simone,Terragni,Educazione Fisica,LITF00601D
DOC0304,Dante,Troisi,Scienze,LITF00601D
DOC0305,Sergius,Franzese,Italiano,LITF00601D
DOC0306,Beppe,Ficino,Educazione Fisica,LITF00601D
DOC0307,Delfino,Filangieri,Scienze,LITF00601D
DOC0308,Arsenio,Greco,Italiano,LITF00601D
DOC0309,Milena,Galiazzo,Storia,LITF00601D
DOC0310,Martina,Bacosi,Matematica,LITF00601D
DOC0311,Chiara,Carnera,Italiano,LITF00601D
DOC0312,Fabio,Pacelli,Educazione Fisica,LITF00601D
DOC0313,Graziano,Savorgnan,Matematica,LITF00601D
DOC0314,Matteo,Schiavo,Scienze,LITF00601D
DOC0315,Piero,Branciforte,Storia,LITF00601D
DOC0316,Alina,Barillaro,Italiano,LITF00601D
DOC0317,Ettore,Zamorani,Educazione Fisica,LITF00601D
DOC0318,Emma,Agostinelli,Scienze,LITF00601D
DOC0319,Marissa,Tartaglia,Matematica,LITF00601D
DOC0320,Marcella,Bondumier,Storia,LITF00601D
DOC0321,Puccio,Sgalambro,Matematica,LTRA01602G
DOC0322,Angelo,Pacelli,Scienze,LTRA01602G
DOC0323,Guido,Tartini,Storia,LTRA01602G
DOC0324,Morena,Ostinelli,Educazione Fisica,LTRA01602G
DOC0325,Caterina,Doglioni,Italiano,LTRA01602G
DOC0326,Gianni,Filangieri,Matematica,LTRA01602G
DOC0327,Laura,Chechi,Educazione Fisica,LTRA01602G
DOC0328,Mercedes,Rosselli,Scienze,LTRA01602G
DOC0329,Filippo,Gabbana,Italiano,LTRA01602G
DOC0330,Cirillo,Merisi,Storia,LTRA01602G
DOC0331,Biagio,Mattarella,Educazione Fisica,MEPS032038
DOC0332,Lilla,Brenna,Matematica,MEPS032038
DOC0333,Antonia,Iacovelli,Scienze,MEPS032038
DOC0334,Antonio,Pertile,Storia,MEPS032038
DOC0335,Raffaellino,Marrone,Italiano,MEPS032038
DOC0336,Giacinto,Regge,Scienze,MTPS00101R
DOC0337,Zaira,Ricolfi,Italiano,MTPS00101R
DOC0338,Ivo,Navone,Matematica,MTPS00101R
DOC0339,Pierangelo,Panicucci,Storia,MTPS00101R
DOC0340,Tiziana,Bottaro,Educazione Fisica,MTPS00101R
DOC0341,Gastone,Tiepolo,Storia,MTTD06000B
DOC0342,Sante,Ajello,Italiano,MTTD06000B
DOC0343,Napoleone,Caetani,Matematica,MTTD06000B
DOC0344,Benito,Luxardo,Educazione Fisica,MTTD06000B
DOC0345,Veronica,Ostinelli,Scienze,MTTD06000B
DOC0346,Lucia,Riccardi,Matematica,MTTD06000B
DOC0347,Antonina,Fieramosca,Storia,MTTD06000B
DOC0348,Raimondo,Battelli,Educazione Fisica,MTTD06000B
DOC0349,Leopoldo,Giulietti,Italiano,MTTD06000B
DOC0350,Bruno,Fantoni,Scienze,MTTD06000B
DOC0351,Guglielmo,Tasso,Scienze,MTTD06000B
DOC0352,Roberta,Golino,Matematica,MTTD06000B
DOC0353,Aldo,Gentili,Italiano,MTTD06000B
DOC0354,Pasquale,Gangemi,Storia,MTTD06000B
DOC0355,Licia,Cipolla,Educazione Fisica,MTTD06000B
DOC0356,Angelo,Ossola,Italiano,MTTD06000B
DOC0357,Giorgio,Finzi,Scienze,MTTD06000B
DOC0358,Giovanni,Borzomì,Matematica,MTTD06000B
DOC0359,Ludovico,Innocenti,Educazione Fisica,MTTD06000B
DOC0360,Fulvio,Scotto,Storia,MTTD06000B
DOC0361,Donatella,Cappelli,Storia,MTTD06000B
DOC0362,Lorenzo,Roth,Matematica,MTTD06000B
DOC0363,Gino,Piccio,Scienze,MTTD06000B
DOC0364,Veronica,Boitani,Italiano,MTTD06000B
DOC0365,Benito,Bompiani,Educazione Fisica,MTTD06000B
DOC0366,Osvaldo,Proietti,Italiano,MTTD06000B
DOC0367,Daria,Bosio,Matematica,MTTD06000B
DOC0368,Giorgia,Piane,Storia,MTTD06000B
DOC0369,Ludovico,Turrini,Educazione Fisica,MTTD06000B
DOC0370,Alessandra,Castelli,Scienze,MTTD06000B
DOC0371,Giulietta,Buonauro,Educazione Fisica,MTTD06000B
DOC0372,Maria,Polani,Matematica,MTTD06000B
DOC0373,Ninetta,Caffarelli,Italiano,MTTD06000B
DOC0374,Pietro,Trevisani,Scienze,MTTD06000B
DOC0375,Fausto,Ostinelli,Storia,MTTD06000B
DOC0376,Gianni,Meucci,Storia,NARH01000V
DOC0377,Fausto,Romano,Matematica,NARH01000V
DOC0378,Angelina,Rosmini,Educazione Fisica,NARH01000V
DOC0379,Arnaldo,Ferrabosco,Scienze,NARH01000V
DOC0380,Patrizio,Guicciardini,Italiano,NARH01000V
DOC0381,Vito,Pignatti,Storia,NARH01000V
DOC0382,Donatello,Cagnotto,Matematica,NARH01000V
DOC0383,Nicola,Segrè,Educazione Fisica,NARH01000V
DOC0384,Benvenuto,Federici,Italiano,NARH01000V
DOC0385,Stefania,Pirandello,Scienze,NARH01000V
DOC0386,Flora,Mazzini,Matematica,NARH01000V
DOC0387,Rosina,Ceri,Educazione Fisica,NARH01000V
DOC0388,Raimondo,Lerner,Italiano,NARH01000V
DOC0389,Mirko,Iannucci,Storia,NARH01000V
DOC0390,Aurora,Salata,Scienze,NARH01000V
DOC0391,Aria,Giulietti,Italiano,NARH01000V
DOC0392,Carolina,Ajello,Educazione Fisica,NARH01000V
DOC0393,Ottone,Cusano,Scienze,NARH01000V
DOC0394,Gilberto,Morpurgo,Matematica,NARH01000V
DOC0395,Gianpaolo,Marenzio,Storia,NARH01000V
DOC0396,Rosina,Iacobucci,Scienze,NARI13751N
DOC0397,Renata,Tolentino,Educazione Fisica,NARI13751N
DOC0398,Atenulf,Giannetti,Storia,NARI13751N
DOC0399,Marcello,Lanfranchi,Matematica,NARI13751N
DOC0400,Danilo,Ceri,Italiano,NARI13751N
DOC0401,Cristina,Alboni,Storia,NARI13751N
DOC0402,Stefani,Nicolucci,Educazione Fisica,NARI13751N
DOC0403,Mariana,Pietrangeli,Scienze,NARI13751N
DOC0404,Pasqual,Boiardo,Matematica,NARI13751N
DOC0405,Michele,Vergerio,Italiano,NARI13751N
DOC0406,Panfilo,Prada,Scienze,NASD13000N
DOC0407,Greco,Lippomano,Storia,NASD13000N
DOC0408,Durante,Guidotti,Matematica,NASD13000N
DOC0409,Laureano,Benigni,Italiano,NASD13000N
DOC0410,Greca,Anastasi,Educazione Fisica,NASD13000N
DOC0411,Isa,Vigliotti,Educazione Fisica,NASD13000N
DOC0412,Ugo,Rienzo,Matematica,NASD13000N
DOC0413,Mariana,Leone,Storia,NASD13000N
DOC0414,Luciana,Baresi,Scienze,NASD13000N
DOC0415,Victoria,Cilea,Italiano,NASD13000N
DOC0416,Rosalia,Modugno,Storia,NASD13000N
DOC0417,Gioacchino,Novaro,Scienze,NASD13000N
DOC0418,Flora,Lettiere,Matematica,NASD13000N
DOC0419,Romina,Fattori,Educazione Fisica,NASD13000N
DOC0420,Franco,Modugno,Italiano,NASD13000N
DOC0421,Hugo,Turchetta,Storia,NASD13000N
DOC0422,Adele,Contarini,Italiano,NASD13000N
DOC0423,Melissa,Brunello,Educazione Fisica,NASD13000N
DOC0424,Vincentio,Fittipaldi,Matematica,NASD13000N
DOC0425,Luigi,Branciforte,Scienze,NASD13000N
DOC0426,Filippa,Mancini,Storia,NASD13000N
DOC0427,Letizia,Travaglia,Matematica,NASD13000N
DOC0428,Romeo,Viviani,Italiano,NASD13000N
DOC0429,Giancarlo,Scalfaro,Scienze,NASD13000N
DOC0430,Serafina,Ritacca,Educazione Fisica,NASD13000N
DOC0431,Agnolo,Goldstein,Storia,NASD13000N
DOC0432,Melina,Bonanno,Educazione Fisica,NASD13000N
DOC0433,Sebastiano,Cuda,Scienze,NASD13000N
DOC0434,Matilda,Corbo,Matematica,NASD13000N
DOC0435,Priscilla,Cammarata,Italiano,NASD13000N
DOC0436,Rosina,Napolitano,Scienze,PARH02000A
DOC0437,Romeo,Mondaini,Matematica,PARH02000A
DOC0438,Luigina,Cheda,Italiano,PARH02000A
DOC0439,Alessio,Abate,Educazione Fisica,PARH02000A
DOC0440,Filippa,Morucci,Storia,PARH02000A
DOC0441,Pellegrino,Campano,Italiano,PARH02000A
DOC0442,Alphons,Salandra,Matematica,PARH02000A
DOC0443,Ludovica,Gianvecchio,Scienze,PARH02000A
DOC0444,Fausto,Scotto,Educazione Fisica,PARH02000A
DOC0445,Greco,Doria,Storia,PARH02000A
DOC0446,Alessandra,Lettiere,Scienze,PDRI02251Q
DOC0447,Liliana,Ossani,Matematica,PDRI02251Q
DOC0448,Sandra,Parmitano,Storia,PDRI02251Q
DOC0449,Ottone,Tagliafierro,Italiano,PDRI02251Q
DOC0450,Laura,Gilardoni,Educazione Fisica,PDRI02251Q
DOC0451,Dante,Gori,Matematica,PDRI02251Q
DOC0452,Guarino,Pelli,Italiano,PDRI02251Q
DOC0453,Orazio,Caironi,Educazione Fisica,PDRI02251Q
DOC0454,Renata,Savorgnan,Scienze,PDRI02251Q
DOC0455,Lando,Necci,Storia,PDRI02251Q
DOC0456,Gianpaolo,Interminelli,Matematica,PETD03000D
DOC0457,Giovanni,Toscani,Storia,PETD03000D
DOC0458,Goffredo,Argentero,Italiano,PETD03000D
DOC0459,Veronica,Balbo,Scienze,PETD03000D
DOC0460,Erika,Palmisano,Educazione Fisica,PETD03000D
DOC0461,Salvatore,Morandi,Educazione Fisica,PETD03000D
DOC0462,Gianluca,Marenzio,Matematica,PETD03000D
DOC0463,Filippo,Collodi,Scienze,PETD03000D
DOC0464,Pasqual,Leoncavallo,Italiano,PETD03000D
DOC0465,Patrizia,Opizzi,Storia,PETD03000D
DOC0466,Olga,Barcaccia,Scienze,PETD03000D
DOC0467,Antonello,Raimondi,Matematica,PETD03000D
DOC0468,Raffaellino,Cadorna,Educazione Fisica,PETD03000D
DOC0469,Diana,Ricolfi,Italiano,PETD03000D
DOC0470,Silvia,Agazzi,Storia,PETD03000D
DOC0471,Sebastiano,Fagiani,Scienze,PETD03000D
DOC0472,Ansaldo,Giusti,Storia,PETD03000D
DOC0473,Gianfrancesco,Bocelli,Italiano,PETD03000D
DOC0474,Baccio,Chittolini,Matematica,PETD03000D
DOC0475,Orlando,Romagnoli,Educazione Fisica,PETD03000D
DOC0476,Augusto,Piccinni,Italiano,PETD03000D
DOC0477,Rembrandt,Farinelli,Scienze,PETD03000D
DOC0478,Simonetta,Tassoni,Matematica,PETD03000D
DOC0479,Alessio,Pezzali,Storia,PETD03000D
DOC0480,Luciana,Giusti,Educazione Fisica,PETD03000D
DOC0481,Claudio,Pincherle,Italiano,PETD03000D
DOC0482,Sole,Giolitti,Scienze,PETD03000D
DOC0483,Alphons,Trupiano,Matematica,PETD03000D
DOC0484,Gianpaolo,Malacarne,Educazione Fisica,PETD03000D
DOC0485,Armando,Pirelli,Storia,PETD03000D
DOC0486,Rossana,Anguillara,Matematica,PGPS003011
DOC0487,Gian,Solimena,Italiano,PGPS003011
DOC0488,Piero,Iannucci,Scienze,PGPS003011
DOC0489,Nicoletta,Esposito,Educazione Fisica,PGPS003011
DOC0490,Ottone,Fracci,Storia,PGPS003011
DOC0491,Ludovica,Rosiello,Matematica,PGRC01401X
DOC0492,Carlo,Barracco,Scienze,PGRC01401X
DOC0493,Raffaellino,Basadonna,Storia,PGRC01401X
DOC0494,Zaira,Gullotta,Educazione Fisica,PGRC01401X
DOC0495,Mattia,Oscuro,Italiano,PGRC01401X
DOC0496,Griselda,Visconti,Italiano,PGTD12000A
DOC0497,Ennio,Pascarella,Storia,PGTD12000A
DOC0498,Lisa,Cherubini,Scienze,PGTD12000A
DOC0499,Fabrizio,Carpaccio,Matematica,PGTD12000A
DOC0500,Antonella,Forza,Educazione Fisica,PGTD12000A
DOC0501,Loredana,Campano,Educazione Fisica,PIPM030002
DOC0502,Rosario,Garobbio,Matematica,PIPM030002
DOC0503,Gianfrancesco,Armani,Italiano,PIPM030002
DOC0504,Michela,Marino,Storia,PIPM030002
DOC0505,Micheletto,Leopardi,Scienze,PIPM030002
DOC0506,Benedetto,Bernardini,Storia,PIPM030002
DOC0507,Ettore,Cagnin,Educazione Fisica,PIPM030002
DOC0508,Baldassare,Pausini,Matematica,PIPM030002
DOC0509,Marta,Marini,Italiano,PIPM030002
DOC0510,Isa,Vidoni,Scienze,PIPM030002
DOC0511,Gionata,Pizzetti,Storia,PIPM030002
DOC0512,Federigo,Saracino,Educazione Fisica,PIPM030002
DOC0513,Rosa,Cusano,Italiano,PIPM030002
DOC0514,Elvira,Pasolini,Scienze,PIPM030002
DOC0515,Ermanno,Majorana,Matematica,PIPM030002
DOC0516,Carmelo,Gaggini,Scienze,PIPM030002
DOC0517,Salvi,Siffredi,Matematica,PIPM030002
DOC0518,Clelia,Salieri,Italiano,PIPM030002
DOC0519,Marta,Vigorelli,Educazione Fisica,PIPM030002
DOC0520,Stella,Bajardi,Storia,PIPM030002
DOC0521,Livia,Mortati,Matematica,PNPM00201B
DOC0522,Lucio,Mazzanti,Storia,PNPM00201B
DOC0523,Fabio,Rienzo,Scienze,PNPM00201B
DOC0524,Laura,Fittipaldi,Educazione Fisica,PNPM00201B
DOC0525,Camilla,Taliani,Italiano,PNPM00201B
DOC0526,Vittorio,Ioppi,Italiano,PNPM00201B
DOC0527,Nina,Cibin,Educazione Fisica,PNPM00201B
DOC0528,Bianca,Casini,Storia,PNPM00201B
DOC0529,Durante,Seddio,Matematica,PNPM00201B
DOC0530,Annamaria,Babato,Scienze,PNPM00201B
DOC0531,Lisa,Fabrizi,Storia,PNPM00201B
DOC0532,Calogero,Pedersoli,Educazione Fisica,PNPM00201B
DOC0533,Fabio,Tomaselli,Matematica,PNPM00201B
DOC0534,Flavia,Monaco,Italiano,PNPM00201B
DOC0535,Mirko,Balla,Scienze,PNPM00201B
DOC0536,Barbara,Rusticucci,Italiano,PNPM00201B
DOC0537,Rembrandt,Rossellini,Matematica,PNPM00201B
DOC0538,Gioachino,Ficino,Educazione Fisica,PNPM00201B
DOC0539,Orazio,Nitti,Storia,PNPM00201B
DOC0540,Isabella,Trapani,Scienze,PNPM00201B
DOC0541,Jolanda,Pizzetti,Italiano,PSRF001014
DOC0542,Rita,Pincherle,Storia,PSRF001014
DOC0543,Eliana,Gozzano,Scienze,PSRF001014
DOC0544,Dante,Trombetta,Educazione Fisica,PSRF001014
DOC0545,Giuliana,Ariasso,Matematica,PSRF001014
DOC0546,Nicolò,Pertile,Storia,PSSD07000N
DOC0547,Renzo,Conte,Matematica,PSSD07000N
DOC0548,Giada,Roth,Educazione Fisica,PSSD07000N
DOC0549,Domenico,Vezzali,Italiano,PSSD07000N
DOC0550,Giuliana,Saffi,Scienze,PSSD07000N
DOC0551,Caterina,Callegari,Italiano,PSSD07000N
DOC0552,Baldassare,Balbo,Matematica,PSSD07000N
DOC0553,Agostino,Gentileschi,Educazione Fisica,PSSD07000N
DOC0554,Mariana,Romano,Storia,PSSD07000N
DOC0555,Eugenia,Orengo,Scienze,PSSD07000N
DOC0556,Flora,Infantino,Educazione Fisica,PSSD07000N
DOC0557,Osvaldo,Solari,Matematica,PSSD07000N
DOC0558,Napoleone,Vianello,Scienze,PSSD07000N
DOC0559,Amanda,Gentili,Italiano,PSSD07000N
DOC0560,Eliana,Bramante,Storia,PSSD07000N
DOC0561,Mattia,Biagiotti,Matematica,PSSD07000N
DOC0562,Mariano,Solari,Scienze,PSSD07000N
DOC0563,Lorenzo,Boccaccio,Storia,PSSD07000N
DOC0564,Piergiuseppe,Fracci,Italiano,PSSD07000N
DOC0565,Adriana,Piccinni,Educazione Fisica,PSSD07000N
DOC0566,Gastone,Golgi,Scienze,PSSD07000N
DOC0567,Agnolo,Ravaglioli,Storia,PSSD07000N
DOC0568,Fernanda,Murri,Matematica,PSSD07000N
DOC0569,Nedda,Ferrante,Educazione Fisica,PSSD07000N
DOC0570,Giacinto,Schiavone,Italiano,PSSD07000N
DOC0571,Cesare,Abbagnale,Matematica,PSSD07000N
DOC0572,Maurilio,Brugnaro,Italiano,PSSD07000N
DOC0573,Adriana,Pastine,Educazione Fisica,PSSD07000N
DOC0574,Gaetano,Vento,Storia,PSSD07000N
DOC0575,Gustavo,Basso,Scienze,PSSD07000N
DOC0576,Edoardo,Aulenti,Educazione Fisica,PSSD07000N
DOC0577,Cecilia,Spadafora,Storia,PSSD07000N
DOC0578,Luciano,Cainero,Matematica,PSSD07000N
DOC0579,Allegra,Brugnaro,Scienze,PSSD07000N
DOC0580,Margherita,Bettoni,Italiano,PSSD07000N
DOC0581,Rosalia,Tuzzolino,Storia,PSTA01301D
DOC0582,Antonio,Abbagnale,Matematica,PSTA01301D
DOC0583,Lazzaro,Liguori,Educazione Fisica,PSTA01301D
DOC0584,Romina,Gozzi,Italiano,PSTA01301D
DOC0585,Amedeo,Argento,Scienze,PSTA01301D
DOC0586,Fiamma,Maderno,Educazione Fisica,PSTA01301D
DOC0587,Luigi,Zabarella,Scienze,PSTA01301D
DOC0588,Luisa,Onio,Matematica,PSTA01301D
DOC0589,Carla,Bellocchio,Storia,PSTA01301D
DOC0590,Valerio,Villarosa,Italiano,PSTA01301D
DOC0591,Giovanni,Castioni,Educazione Fisica,PSTA01301D
DOC0592,Oreste,Calbo,Matematica,PSTA01301D
DOC0593,Romeo,Torricelli,Scienze,PSTA01301D
DOC0594,Giulio,Storladi,Storia,PSTA01301D
DOC0595,Eva,Borroni,Italiano,PSTA01301D
DOC0596,Nicolò,Spinelli,Storia,PSTA01301D
DOC0597,Gianmarco,Finetti,Scienze,PSTA01301D
DOC0598,Sandro,Montanari,Matematica,PSTA01301D
DOC0599,Melina,Sorrentino,Italiano,PSTA01301D
DOC0600,Orlando,Tagliafierro,Educazione Fisica,PSTA01301D
DOC0601,Giacinto,Baracca,Educazione Fisica,PTRA010008
DOC0602,Giacinto,Tacchini,Scienze,PTRA010008
DOC0603,Enzo,Toselli,Matematica,PTRA010008
DOC0604,Martino,Stefanelli,Storia,PTRA010008
DOC0605,Letizia,Staglieno,Italiano,PTRA010008
DOC0606,Armando,Jovinelli,Scienze,PTRA010008
DOC0607,Laura,Panatta,Storia,PTRA010008
DOC0608,Renzo,Trevisani,Educazione Fisica,PTRA010008
DOC0609,Bettina,Pisaroni,Matematica,PTRA010008
DOC0610,Gustavo,Scandone,Italiano,PTRA010008
DOC0611,Romolo,Desio,Educazione Fisica,PTRA010008
DOC0612,Martino,Camuccini,Italiano,PTRA010008
DOC0613,Coluccio,Fallaci,Scienze,PTRA010008
DOC0614,Adriano,Staglieno,Matematica,PTRA010008
DOC0615,Federico,Squarcione,Storia,PTRA010008
DOC0616,Marina,Travia,Storia,PTRA010008
DOC0617,Gianluigi,Tassoni,Educazione Fisica,PTRA010008
DOC0618,Eugenia,Spanevello,Scienze,PTRA010008
DOC0619,Gabriella,Bertolucci,Matematica,PTRA010008
DOC0620,Patrizio,Malpighi,Italiano,PTRA010008
DOC0621,Martino,Moschino,Scienze,PTRA010008
DOC0622,Luisa,Celentano,Italiano,PTRA010008
DOC0623,Sonia,Giusti,Storia,PTRA010008
DOC0624,Gianluigi,Donini,Matematica,PTRA010008
DOC0625,Milena,Gaiatto,Educazione Fisica,PTRA010008
DOC0626,Uberto,Perozzo,Storia,PTRA010008
DOC0627,Milena,Viviani,Matematica,PTRA010008
DOC0628,Giacinto,Sforza,Italiano,PTRA010008
DOC0629,Maria,Bellò,Educazione Fisica,PTRA010008
DOC0630,Beatrice,Panzera,Scienze,PTRA010008
DOC0631,Giulia,Spinola,Educazione Fisica,PVRC00801V
DOC0632,Paola,Ammaniti,Storia,PVRC00801V
DOC0633,Eugenia,Majewski,Matematica,PVRC00801V
DOC0634,Fabrizio,Tagliafierro,Scienze,PVRC00801V
DOC0635,Raffaello,Mazzi,Italiano,PVRC00801V
DOC0636,Stefani,Verdone,Storia,PVRC00801V
DOC0637,Romolo,Giannotti,Matematica,PVRC00801V
DOC0638,Rosalia,Leoncavallo,Scienze,PVRC00801V
DOC0639,Rembrandt,Galiazzo,Educazione Fisica,PVRC00801V
DOC0640,Donato,Farinelli,Italiano,PVRC00801V
DOC0641,Giorgia,Gremese,Storia,PVRC00801V
DOC0642,Santino,Duodo,Educazione Fisica,PVRC00801V
DOC0643,Adele,Sinisi,Matematica,PVRC00801V
DOC0644,Luigi,Savorgnan,Scienze,PVRC00801V
DOC0645,Arnulfo,Balotelli,Italiano,PVRC00801V
DOC0646,Bianca,Mannoia,Storia,PVRC00801V
DOC0647,Giacobbe,Brambilla,Scienze,PVRC00801V
DOC0648,Daria,Meucci,Matematica,PVRC00801V
DOC0649,Emilio,Bernardini,Educazione Fisica,PVRC00801V
DOC0650,Pina,Martinelli,Italiano,PVRC00801V
DOC0651,Venancio,Borsellino,Storia,PVRC00801V
DOC0652,Evangelista,Tolentino,Scienze,PVRC00801V
DOC0653,Ranieri,Pedrazzini,Matematica,PVRC00801V
DOC0654,Gianluigi,Grassi,Educazione Fisica,PVRC00801V
DOC0655,Francesca,Pizzetti,Italiano,PVRC00801V
DOC0656,Santino,Carriera,Scienze,PZRI00702V
DOC0657,Lauretta,Majorana,Italiano,PZRI00702V
DOC0658,Toni,Malenchini,Storia,PZRI00702V
DOC0659,Giulio,Moccia,Matematica,PZRI00702V
DOC0660,Ida,Canil,Educazione Fisica,PZRI00702V
DOC0661,Rembrandt,Golino,Educazione Fisica,REPS016016
DOC0662,Giuliana,Manolesso,Italiano,REPS016016
DOC0663,Adele,Zabarella,Scienze,REPS016016
DOC0664,Sophia,Fittipaldi,Matematica,REPS016016
DOC0665,Bianca,Romagnoli,Storia,REPS016016
DOC0666,Fabia,Petralli,Matematica,REPS016016
DOC0667,Beatrice,Grasso,Italiano,REPS016016
DOC0668,Diana,Olivetti,Storia,REPS016016
DOC0669,Vincenzo,Fibonacci,Educazione Fisica,REPS016016
DOC0670,Corrado,Foà,Scienze,REPS016016
DOC0671,Emma,Antelami,Italiano,REPS016016
DOC0672,Ermes,Antonetti,Scienze,REPS016016
DOC0673,Lucio,Bixio,Educazione Fisica,REPS016016
DOC0674,Ivo,Barcaccia,Matematica,REPS016016
DOC0675,Simonetta,Pacetti,Storia,REPS016016
DOC0676,Imelda,Tanzini,Italiano,RGRI00250C
DOC0677,Teresa,Vidoni,Educazione Fisica,RGRI00250C
DOC0678,Fiorino,Cugia,Matematica,RGRI00250C
DOC0679,Caterina,Visconti,Scienze,RGRI00250C
DOC0680,Milena,Tolentino,Storia,RGRI00250C
DOC0681,Gianfranco,Bertolucci,Italiano,RMPC030006
DOC0682,Durante,Bembo,Storia,RMPC030006
DOC0683,Amedeo,Canova,Matematica,RMPC030006
DOC0684,Alessandra,Iannotti,Scienze,RMPC030006
DOC0685,Marcantonio,Mastandrea,Educazione Fisica,RMPC030006
DOC0686,Giancarlo,Nadi,Storia,RMPC030006
DOC0687,Stefania,Valmarana,Scienze,RMPC030006
DOC0688,Giorgio,Tonisto,Matematica,RMPC030006
DOC0689,Baccio,Casellati,Educazione Fisica,RMPC030006
DOC0690,Guido,Anastasi,Italiano,RMPC030006
DOC0691,Mirco,Guglielmi,Italiano,RMTF090003
DOC0692,Marina,Segni,Matematica,RMTF090003
DOC0693,Giustino,Traetta,Educazione Fisica,RMTF090003
DOC0694,Vittorio,Gentileschi,Storia,RMTF090003
DOC0695,Gino,Porzio,Scienze,RMTF090003
DOC0696,Alessia,Federico,Storia,RMTF090003
DOC0697,Marissa,Bernini,Matematica,RMTF090003
DOC0698,Giorgio,Simeoni,Italiano,RMTF090003
DOC0699,Mirko,Cocci,Educazione Fisica,RMTF090003
DOC0700,Nedda,Montecchi,Scienze,RMTF090003
DOC0701,Ottavio,Moccia,Educazione Fisica,RMTF090003
DOC0702,Alessandro,Caboto,Italiano,RMTF090003
DOC0703,Gino,Pontecorvo,Matematica,RMTF090003
DOC0704,Romolo,Lanfranchi,Scienze,RMTF090003
DOC0705,Mattia,Stein,Storia,RMTF090003
DOC0706,Melina,Pasqua,Storia,RMTF090003
DOC0707,Fiamma,Meucci,Scienze,RMTF090003
DOC0708,Laureano,Grasso,Matematica,RMTF090003
DOC0709,Lucia,Bonatti,Educazione Fisica,RMTF090003
DOC0710,Margherita,Gianinazzi,Italiano,RMTF090003
DOC0711,Ottone,Zoppetti,Storia,RMTF090003
DOC0712,Fabrizia,Tosto,Matematica,RMTF090003
DOC0713,Eraldo,Guarato,Scienze,RMTF090003
DOC0714,Dionigi,Anguillara,Italiano,RMTF090003
DOC0715,Agnolo,Nugnes,Educazione Fisica,RMTF090003
DOC0716,Adele,Turchetta,Italiano,RMTF090003
DOC0717,Nedda,Morandini,Educazione Fisica,RMTF090003
DOC0718,Antonio,Puglisi,Storia,RMTF090003
DOC0719,Dina,Tedesco,Matematica,RMTF090003
DOC0720,Donatella,Lussu,Scienze,RMTF090003
DOC0721,Lazzaro,Grossi,Italiano,RMTF090003
DOC0722,Michele,Bertoni,Scienze,RMTF090003
DOC0723,Gaspare,Carli,Educazione Fisica,RMTF090003
DOC0724,Biagio,Giovine,Matematica,RMTF090003
DOC0725,Fredo,Gaiatto,Storia,RMTF090003
DOC0726,Valentina,Morpurgo,Educazione Fisica,RMTF090003
DOC0727,Giuliana,Zanichelli,Italiano,RMTF090003
DOC0728,Luigi,Deledda,Scienze,RMTF090003
DOC0729,Raffaello,Pelli,Matematica,RMTF090003
DOC0730,Renata,Turati,Storia,RMTF090003
DOC0731,Loretta,Agazzi,Scienze,RMTF090003
DOC0732,Fiorenzo,Samele,Italiano,RMTF090003
DOC0733,Annalisa,Trotta,Matematica,RMTF090003
DOC0734,Arsenio,Monte,Storia,RMTF090003
DOC0735,Valentina,Zanichelli,Educazione Fisica,RMTF090003
DOC0736,Gabriele,Mercati,Scienze,RMTF090003
DOC0737,Ivan,Dalla,Educazione Fisica,RMTF090003
DOC0738,Tatiana,Donarelli,Italiano,RMTF090003
DOC0739,Fausto,Zarlino,Storia,RMTF090003
DOC0740,Daria,Bonaventura,Matematica,RMTF090003
DOC0741,Roberto,Chigi,Italiano,RMTF090003
DOC0742,Liana,Pistoletto,Storia,RMTF090003
DOC0743,Lisa,Zoppetto,Educazione Fisica,RMTF090003
DOC0744,Luisa,Romano,Matematica,RMTF090003
DOC0745,Sophia,Gargallo,Scienze,RMTF090003
DOC0746,Telemaco,Rossi,Scienze,RMTF090003
DOC0747,Laureano,Guarato,Storia,RMTF090003
DOC0748,Romolo,Andreozzi,Matematica,RMTF090003
DOC0749,Fiorenzo,Errigo,Educazione Fisica,RMTF090003
DOC0750,Vittorio,Catenazzi,Italiano,RMTF090003
DOC0751,Martino,Pavarotti,Storia,RMTF090003
DOC0752,Elisa,Parini,Scienze,RMTF090003
DOC0753,Ezio,Pulci,Educazione Fisica,RMTF090003
DOC0754,Ettore,Deledda,Italiano,RMTF090003
DOC0755,Gianmarco,Mengolo,Matematica,RMTF090003
DOC0756,Luca,Missoni,Italiano,RNRH03050A
DOC0757,Oreste,Contarini,Matematica,RNRH03050A
DOC0758,Amalia,Gozzi,Educazione Fisica,RNRH03050A
DOC0759,Michelangelo,Piacentini,Scienze,RNRH03050A
DOC0760,Giorgio,Beffa,Storia,RNRH03050A
DOC0761,Nicolò,Dulbecco,Matematica,RNRH03050A
DOC0762,Alphons,Cristoforetti,Scienze,RNRH03050A
DOC0763,Elvira,Olivetti,Storia,RNRH03050A
DOC0764,Ferdinando,Leonardi,Italiano,RNRH03050A
DOC0765,Oreste,Giannelli,Educazione Fisica,RNRH03050A
DOC0766,Silvio,Solari,Matematica,RNRH03050A
DOC0767,Benedetto,Scaduto,Scienze,RNRH03050A
DOC0768,Livia,Vianello,Storia,RNRH03050A
DOC0769,Emilio,Forza,Educazione Fisica,RNRH03050A
DOC0770,Francesco,Roncalli,Italiano,RNRH03050A
DOC0771,Carla,Rossi,Scienze,SATF04601D
DOC0772,Ida,Gottardi,Italiano,SATF04601D
DOC0773,Salvatore,Buonauro,Educazione Fisica,SATF04601D
DOC0774,Evangelista,Stefanelli,Storia,SATF04601D
DOC0775,Matteo,Florio,Matematica,SATF04601D
DOC0776,Vincentio,Camiscione,Italiano,SATF04601D
DOC0777,Temistocle,Vivaldi,Storia,SATF04601D
DOC0778,Liana,Dulbecco,Matematica,SATF04601D
DOC0779,Piermaria,Brugnaro,Educazione Fisica,SATF04601D
DOC0780,Giuseppina,Filzi,Scienze,SATF04601D
DOC0781,Baccio,Veneziano,Italiano,SATF04601D
DOC0782,Ezio,Sokolov,Matematica,SATF04601D
DOC0783,Gioachino,Bignardi,Educazione Fisica,SATF04601D
DOC0784,Graziano,Vasari,Scienze,SATF04601D
DOC0785,Armando,Nugnes,Storia,SATF04601D
DOC0786,Veronica,Ceschi,Educazione Fisica,SATF04601D
DOC0787,Bianca,Lattuada,Matematica,SATF04601D
DOC0788,Diana,Rizzo,Storia,SATF04601D
DOC0789,Telemaco,Sbarbaro,Italiano,SATF04601D
DOC0790,Letizia,Staglieno,Scienze,SATF04601D
DOC0791,Giacinto,Abate,Matematica,SATF04601D
DOC0792,Alessandro,Renault,Educazione Fisica,SATF04601D
DOC0793,Elvira,Aloisio,Italiano,SATF04601D
DOC0794,Calogero,Micheletti,Storia,SATF04601D
DOC0795,Ettore,Boezio,Scienze,SATF04601D
DOC0796,Antonella,Tuzzolino,Italiano,SATF04601D
DOC0797,Ivo,Monte,Educazione Fisica,SATF04601D
DOC0798,Lilla,Papetti,Scienze,SATF04601D
DOC0799,Victoria,Chindamo,Storia,SATF04601D
DOC0800,Ettore,Procacci,Matematica,SATF04601D
DOC0801,Mirco,Albertini,Educazione Fisica,SPPC011016
DOC0802,Nanni,Valentino,Scienze,SPPC011016
DOC0803,Laureano,Marino,Matematica,SPPC011016
DOC0804,Annalisa,Bonaventura,Storia,SPPC011016
DOC0805,Milena,Cappelli,Italiano,SPPC011016
DOC0806,Liana,Sermonti,Matematica,SPPC011016
DOC0807,Riccardo,Taliani,Storia,SPPC011016
DOC0808,Panfilo,Interminelli,Italiano,SPPC011016
DOC0809,Lorenzo,Foconi,Scienze,SPPC011016
DOC0810,Fiorenzo,Bova,Educazione Fisica,SPPC011016
DOC0811,Piergiuseppe,Fogazzaro,Italiano,SSRH07050X
DOC0812,Eliana,Scarlatti,Storia,SSRH07050X
DOC0813,Napoleone,Scialpi,Matematica,SSRH07050X
DOC0814,Sebastiano,Petrocelli,Educazione Fisica,SSRH07050X
DOC0815,Fortunata,Montanelli,Scienze,SSRH07050X
DOC0816,Nino,Telesio,Educazione Fisica,SSRH07050X
DOC0817,Pier,Gramsci,Scienze,SSRH07050X
DOC0818,Baldassare,Antonacci,Italiano,SSRH07050X
DOC0819,Dolores,Cicala,Storia,SSRH07050X
DOC0820,Graziella,Cutuli,Matematica,SSRH07050X
DOC0821,Luisa,Florio,Educazione Fisica,SSRI02201N
DOC0822,Renzo,Pulci,Storia,SSRI02201N
DOC0823,Annibale,Cuomo,Italiano,SSRI02201N
DOC0824,Nadia,Foletti,Matematica,SSRI02201N
DOC0825,Giuliana,Gangemi,Scienze,SSRI02201N
DOC0826,Baccio,Zaguri,Educazione Fisica,SSRI02201N
DOC0827,Baccio,Carpaccio,Matematica,SSRI02201N
DOC0828,Baccio,Gasperi,Storia,SSRI02201N
DOC0829,Leone,Niscoromni,Scienze,SSRI02201N
DOC0830,Natalia,Guarana,Italiano,SSRI02201N
DOC0831,Luigina,Monicelli,Storia,SSSL030029
DOC0832,Carla,Giradello,Educazione Fisica,SSSL030029
DOC0833,Rolando,Gualandi,Scienze,SSSL030029
DOC0834,Arturo,Nibali,Matematica,SSSL030029
DOC0835,Lauretta,Scarponi,Italiano,SSSL030029
DOC0836,Carmelo,Collina,Storia,TERI011015
DOC0837,Susanna,Venier,Matematica,TERI011015
DOC0838,Raffaellino,Murri,Scienze,TERI011015
DOC0839,Laureano,Tremonti,Italiano,TERI011015
DOC0840,Lazzaro,Bernardini,Educazione Fisica,TERI011015
DOC0841,Aldo,Vidoni,Italiano,TERI011015
DOC0842,Donna,Belletini,Educazione Fisica,TERI011015
DOC0843,Dante,Giolitti,Scienze,TERI011015
DOC0844,Carlo,Foa,Matematica,TERI011015
DOC0845,Cassandra,Rizzo,Storia,TERI011015
DOC0846,Ermenegildo,Mennea,Scienze,TERI011015
DOC0847,Licia,Bergoglio,Italiano,TERI011015
DOC0848,Laureano,Cannizzaro,Matematica,TERI011015
DOC0849,Arnulfo,Saracino,Educazione Fisica,TERI011015
DOC0850,Ilaria,Maglio,Storia,TERI011015
DOC0851,Marcantonio,Serlupi,Educazione Fisica,TERI011015
DOC0852,Maura,Brancaccio,Italiano,TERI011015
DOC0853,Alessandra,Roero,Matematica,TERI011015
DOC0854,Graziella,Andreotti,Scienze,TERI011015
DOC0855,Lara,Salata,Storia,TERI011015
DOC0856,Vanessa,Sommaruga,Educazione Fisica,TORI04752V
DOC0857,Romana,Casalodi,Matematica,TORI04752V
DOC0858,Alina,Pincherle,Scienze,TORI04752V
DOC0859,Vittoria,Bajamonti,Storia,TORI04752V
DOC0860,Ettore,Bulzoni,Italiano,TORI04752V
DOC0861,Claudia,Guarana,Italiano,TOTL03401B
DOC0862,Temistocle,Toninelli,Matematica,TOTL03401B
DOC0863,Baccio,Tarchetti,Storia,TOTL03401B
DOC0864,Gianpietro,Milanesi,Educazione Fisica,TOTL03401B
DOC0865,Galasso,Crisafulli,Scienze,TOTL03401B
DOC0866,Imelda,Pometta,Scienze,TOTL03401B
DOC0867,Lidia,Lucciano,Storia,TOTL03401B
DOC0868,Durante,Bianchi,Educazione Fisica,TOTL03401B
DOC0869,Ennio,Santoro,Italiano,TOTL03401B
DOC0870,Giuliana,Gregorio,Matematica,TOTL03401B
DOC0871,Olga,Boezio,Italiano,TPTL02151L
DOC0872,Niccolò,Casaleggio,Educazione Fisica,TPTL02151L
DOC0873,Fabrizio,Malacarne,Matematica,TPTL02151L
DOC0874,Fedele,Cicilia,Storia,TPTL02151L
DOC0875,Loretta,Lerner,Scienze,TPTL02151L
DOC0876,Coluccio,Peranda,Italiano,TPTL02151L
DOC0877,Arnaldo,Abba,Educazione Fisica,TPTL02151L
DOC0878,Fredo,Ginesio,Scienze,TPTL02151L
DOC0879,Angelina,Leone,Storia,TPTL02151L
DOC0880,Ermes,Fattori,Matematica,TPTL02151L
DOC0881,Maria,Majorana,Italiano,UDRC013019
DOC0882,Giuseppe,Filzi,Matematica,UDRC013019
DOC0883,Annamaria,Dalla,Educazione Fisica,UDRC013019
DOC0884,Torquato,Tartaglia,Storia,UDRC013019
DOC0885,Martina,Franceschi,Scienze,UDRC013019
DOC0886,Claudio,Gentilini,Matematica,UDRC013019
DOC0887,Mattia,Morricone,Scienze,UDRC013019
DOC0888,Giulia,Leonetti,Educazione Fisica,UDRC013019
DOC0889,Angelina,Armellini,Italiano,UDRC013019
DOC0890,Antonia,Milanesi,Storia,UDRC013019
DOC0891,Stefano,Bulzoni,Scienze,UDRI01401T
DOC0892,Lina,Toninelli,Storia,UDRI01401T
DOC0893,Gianfrancesco,Nibali,Educazione Fisica,UDRI01401T
DOC0894,Aurora,Curatoli,Italiano,UDRI01401T
DOC0895,Ferdinando,Biagiotti,Matematica,UDRI01401T
DOC0896,Paolo,Guarana,Educazione Fisica,UDRI01401T
DOC0897,Paloma,Rossi,Italiano,UDRI01401T
DOC0898,Fulvio,Rienzo,Matematica,UDRI01401T
DOC0899,Zaira,Beffa,Scienze,UDRI01401T
DOC0900,Eliana,Faranda,Storia,UDRI01401T
DOC0901,Beppe,Taccola,Italiano,UDRI01401T
DOC0902,Berenice,Speri,Educazione Fisica,UDRI01401T
DOC0903,Romeo,Ferrante,Scienze,UDRI01401T
DOC0904,Fiorenzo,Cuomo,Matematica,UDRI01401T
DOC0905,Biagio,Caruso,Storia,UDRI01401T
DOC0906,Matteo,Villarosa,Italiano,UDRI01401T
DOC0907,Serena,Barsanti,Matematica,UDRI01401T
DOC0908,Amleto,Morpurgo,Scienze,UDRI01401T
DOC0909,Vito,Rismondo,Storia,UDRI01401T
DOC0910,Tonino,Almagià,Educazione Fisica,UDRI01401T
DOC0911,Antonio,Mattarella,Italiano,UDRI01401T
DOC0912,Lidia,Cavalcanti,Storia,UDRI01401T
DOC0913,Teresa,Lucciano,Educazione Fisica,UDRI01401T
DOC0914,Ettore,Borgia,Matematica,UDRI01401T
DOC0915,Pierina,Delle,Scienze,UDRI01401T
DOC0916,Ubaldo,Barozzi,Educazione Fisica,UDRI01401T
DOC0917,Eleanora,Persico,Matematica,UDRI01401T
DOC0918,Raffaele,Ferrari,Italiano,UDRI01401T
DOC0919,Leopoldo,Pascarella,Scienze,UDRI01401T
DOC0920,Ida,Bazzi,Storia,UDRI01401T
DOC0921,Rembrandt,Collodi,Educazione Fisica,VIRI00601T
DOC0922,Camillo,Liguori,Matematica,VIRI00601T
DOC0923,Benito,Cimini,Scienze,VIRI00601T
DOC0924,Anita,Vidoni,Italiano,VIRI00601T
DOC0925,Antonella,Cainero,Storia,VIRI00601T
DOC0926,Caterina,Tozzi,Storia,VIRI00601T
DOC0927,Valeria,Gotti,Educazione Fisica,VIRI00601T
DOC0928,Liberto,Magrassi,Scienze,VIRI00601T
DOC0929,Gianluigi,Poerio,Italiano,VIRI00601T
DOC0930,Agostino,Armellini,Matematica,VIRI00601T
DOC0931,Alina,Maglio,Matematica,VIRI00601T
DOC0932,Ugolino,Migliaccio,Storia,VIRI00601T
DOC0933,Sophia,Finzi,Scienze,VIRI00601T
DOC0934,Giorgia,Bianchi,Italiano,VIRI00601T
DOC0935,Alberico,Garozzo,Educazione Fisica,VIRI00601T
DOC0936,Pompeo,Visintini,Educazione Fisica,VIRI00601T
DOC0937,Greco,Luna,Matematica,VIRI00601T
DOC0938,Annibale,Micheletti,Storia,VIRI00601T
DOC0939,Flora,Lippomano,Italiano,VIRI00601T
DOC0940,Chiara,Turrini,Scienze,VIRI00601T
DOC0941,Antonina,Pausini,Educazione Fisica,VIRI00601T
DOC0942,Irma,Bottigliero,Storia,VIRI00601T
DOC0943,Tonia,Carocci,Scienze,VIRI00601T
DOC0944,Lorenzo,Cesarotti,Matematica,VIRI00601T
DOC0945,Donatello,Bosio,Italiano,VIRI00601T
DOC0946,Etta,Scarpa,Storia,VISL01302N
DOC0947,Arnaldo,Bellini,Educazione Fisica,VISL01302N
DOC0948,Marina,Camilleri,Scienze,VISL01302N
DOC0949,Guglielmo,Gentili,Matematica,VISL01302N
DOC0950,Maura,Lucarelli,Italiano,VISL01302N
DOC0951,Sergius,Missoni,Educazione Fisica,VRTD004015
DOC0952,Carolina,Renzi,Scienze,VRTD004015
DOC0953,Ciro,Spanevello,Matematica,VRTD004015
DOC0954,Marcello,Antonacci,Storia,VRTD004015
DOC0955,Sergius,Sanguineti,Italiano,VRTD004015
DOC0956,Nino,Duse,Scienze,VRTD004015
DOC0957,Ansaldo,Morandini,Matematica,VRTD004015
DOC0958,Fredo,Abba,Educazione Fisica,VRTD004015
DOC0959,Pomponio,Littizzetto,Italiano,VRTD004015
DOC0960,Morena,Borromeo,Storia,VRTD004015
DOC0961,Marta,Contrafatto,Scienze,VRTD004015
DOC0962,Ermes,Roncalli,Storia,VRTD004015
DOC0963,Ruggiero,Niscoromni,Italiano,VRTD004015
DOC0964,Dario,Ponti,Matematica,VRTD004015
DOC0965,Cecilia,Gibilisco,Educazione Fisica,VRTD004015
DOC0966,Arturo,Cavalcanti,Matematica,VRTD004015
DOC0967,Aldo,Zanazzo,Storia,VRTD004015
DOC0968,Lolita,Perini,Scienze,VRTD004015
DOC0969,Lara,Berengario,Italiano,VRTD004015
DOC0970,Giuseppe,Galilei,Educazione Fisica,VRTD004015
DOC0971,Eugenia,Caetani,Storia,VRTD004015
DOC0972,Gioacchino,Milanesi,Matematica,VRTD004015
DOC0973,Carmelo,Oscuro,Scienze,VRTD004015
DOC0974,Iolanda,Vergerio,Italiano,VRTD004015
DOC0975,Puccio,Agazzi,Educazione Fisica,VRTD004015
DOC0976,Zaira,Carriera,Matematica,VRTD004015
DOC0977,Piergiorgio,Palladio,Storia,VRTD004015
DOC0978,Marcantonio,Stucchi,Scienze,VRTD004015
DOC0979,Greca,Lamborghini,Educazione Fisica,VRTD004015
DOC0980,Vanessa,Barcella,Italiano,VRTD004015
